"Solution","Projects","SourceFiles","Score","Path"
"IEAClient.sln","1","4793","4803","C:\Users\YadavRos\Downloads\10.0-InfoImage11.10Support-CK@5d21743554e\IEA2008\IEAClient.sln"
"EnterpriseLibrary.VSTS.sln","116","2357","3487","C:\Users\YadavRos\Downloads\10.0-InfoImage11.10Support-CK@5d21743554e\IEA2008\EntLib5src\App Blocks\EnterpriseLibrary.VSTS.sln"
"EnterpriseLibrary.NUnit.sln","114","2357","3467","C:\Users\YadavRos\Downloads\10.0-InfoImage11.10Support-CK@5d21743554e\IEA2008\EntLib5src\App Blocks\EnterpriseLibrary.NUnit.sln"
"EnterpriseLibrary.Tests.sln","89","2308","3148","C:\Users\YadavRos\Downloads\10.0-InfoImage11.10Support-CK@5d21743554e\IEA2008\EntLib50Src\Blocks\EnterpriseLibrary.Tests.sln"
"EnterpriseLibrary.Tests.2010.sln","89","2308","3118","C:\Users\YadavRos\Downloads\10.0-InfoImage11.10Support-CK@5d21743554e\IEA2008\EntLib50Src\Blocks\EnterpriseLibrary.Tests.2010.sln"
"EnterpriseLibrary.sln","57","2357","2927","C:\Users\YadavRos\Downloads\10.0-InfoImage11.10Support-CK@5d21743554e\IEA2008\EntLib5src\App Blocks\EnterpriseLibrary.sln"
"EnterpriseLibrary.sln","34","2308","2648","C:\Users\YadavRos\Downloads\10.0-InfoImage11.10Support-CK@5d21743554e\IEA2008\EntLib50Src\Blocks\EnterpriseLibrary.sln"
"EnterpriseLibrary.Design.Tests.sln","38","2308","2638","C:\Users\YadavRos\Downloads\10.0-InfoImage11.10Support-CK@5d21743554e\IEA2008\EntLib50Src\Blocks\EnterpriseLibrary.Design.Tests.sln"
"EnterpriseLibrary.2010.sln","34","2308","2618","C:\Users\YadavRos\Downloads\10.0-InfoImage11.10Support-CK@5d21743554e\IEA2008\EntLib50Src\Blocks\EnterpriseLibrary.2010.sln"
"EnterpriseLibrary.Design.Tests.2010.sln","38","2308","2608","C:\Users\YadavRos\Downloads\10.0-InfoImage11.10Support-CK@5d21743554e\IEA2008\EntLib50Src\Blocks\EnterpriseLibrary.Design.Tests.2010.sln"
"Console.sln","30","356","656","C:\Users\YadavRos\Downloads\10.0-InfoImage11.10Support-CK@5d21743554e\IEA2008\EntLib50Src\Blocks\Configuration\Src\Console.sln"
"Console.2010.sln","30","356","626","C:\Users\YadavRos\Downloads\10.0-InfoImage11.10Support-CK@5d21743554e\IEA2008\EntLib50Src\Blocks\Configuration\Src\Console.2010.sln"
"Validation.sln","19","411","601","C:\Users\YadavRos\Downloads\10.0-InfoImage11.10Support-CK@5d21743554e\IEA2008\EntLib50Src\Blocks\Validation\Validation.sln"
"Validation.2010.sln","19","411","571","C:\Users\YadavRos\Downloads\10.0-InfoImage11.10Support-CK@5d21743554e\IEA2008\EntLib50Src\Blocks\Validation\Validation.2010.sln"
"Logging.sln","17","385","555","C:\Users\YadavRos\Downloads\10.0-InfoImage11.10Support-CK@5d21743554e\IEA2008\EntLib50Src\Blocks\Logging\Logging.sln"
"Logging.2010.sln","17","385","525","C:\Users\YadavRos\Downloads\10.0-InfoImage11.10Support-CK@5d21743554e\IEA2008\EntLib50Src\Blocks\Logging\Logging.2010.sln"
"Security.VSTS.sln","29","246","506","C:\Users\YadavRos\Downloads\10.0-InfoImage11.10Support-CK@5d21743554e\IEA2008\EntLib5src\App Blocks\Src\Security\Security.VSTS.sln"
"Security.NUnit.sln","29","246","506","C:\Users\YadavRos\Downloads\10.0-InfoImage11.10Support-CK@5d21743554e\IEA2008\EntLib5src\App Blocks\Src\Security\Security.NUnit.sln"
"IIFCALPageMarkup.sln","40","78","478","C:\Users\YadavRos\Downloads\10.0-InfoImage11.10Support-CK@5d21743554e\CALDOTNET2005\CALDOTNETTestHarness\TestProjects\IIFCALPageMarkup\IIFCALPageMarkup.sln"
"IIFCALUserPreferences.sln","38","74","454","C:\Users\YadavRos\Downloads\10.0-InfoImage11.10Support-CK@5d21743554e\CALDOTNET2005\CALDOTNETTestHarness\TestProjects\IIFCALUserPreferences\IIFCALUserPreferences.sln"
"IIFCALClient.sln","35","68","418","C:\Users\YadavRos\Downloads\10.0-InfoImage11.10Support-CK@5d21743554e\CALDOTNET2005\CALDOTNETTestHarness\TestProjects\IIFCALClient\IIFCALClient.sln"
"Validation.VSTS.sln","21","215","395","C:\Users\YadavRos\Downloads\10.0-InfoImage11.10Support-CK@5d21743554e\IEA2008\EntLib5src\App Blocks\Src\Validation\Validation.VSTS.sln"
"ExceptionHandling.NUnit.sln","31","105","385","C:\Users\YadavRos\Downloads\10.0-InfoImage11.10Support-CK@5d21743554e\IEA2008\EntLib5src\App Blocks\Src\ExceptionHandling\ExceptionHandling.NUnit.sln"
"ExceptionHandling.VSTS.sln","31","105","385","C:\Users\YadavRos\Downloads\10.0-InfoImage11.10Support-CK@5d21743554e\IEA2008\EntLib5src\App Blocks\Src\ExceptionHandling\ExceptionHandling.VSTS.sln"
"PolicyInjection.sln","23","149","379","C:\Users\YadavRos\Downloads\10.0-InfoImage11.10Support-CK@5d21743554e\IEA2008\EntLib5src\App Blocks\Src\PolicyInjection\PolicyInjection.sln"
"Validation.NUnit.sln","19","215","375","C:\Users\YadavRos\Downloads\10.0-InfoImage11.10Support-CK@5d21743554e\IEA2008\EntLib5src\App Blocks\Src\Validation\Validation.NUnit.sln"
"Caching.NUnit.sln","28","124","374","C:\Users\YadavRos\Downloads\10.0-InfoImage11.10Support-CK@5d21743554e\IEA2008\EntLib5src\App Blocks\Src\Caching\Caching.NUnit.sln"
"Caching.VSTS.sln","28","124","374","C:\Users\YadavRos\Downloads\10.0-InfoImage11.10Support-CK@5d21743554e\IEA2008\EntLib5src\App Blocks\Src\Caching\Caching.VSTS.sln"
"Logging.VSTS.sln","17","232","372","C:\Users\YadavRos\Downloads\10.0-InfoImage11.10Support-CK@5d21743554e\IEA2008\EntLib5src\App Blocks\Src\Logging\Logging.VSTS.sln"
"Logging.NUnit.sln","17","232","372","C:\Users\YadavRos\Downloads\10.0-InfoImage11.10Support-CK@5d21743554e\IEA2008\EntLib5src\App Blocks\Src\Logging\Logging.NUnit.sln"
"Caching.sln","20","149","349","C:\Users\YadavRos\Downloads\10.0-InfoImage11.10Support-CK@5d21743554e\IEA2008\EntLib50Src\Blocks\Caching\Caching.sln"
"PolicyInjection.NUnit.sln","23","149","349","C:\Users\YadavRos\Downloads\10.0-InfoImage11.10Support-CK@5d21743554e\IEA2008\EntLib5src\App Blocks\Src\PolicyInjection\PolicyInjection.NUnit.sln"
"ExceptionHandling.sln","18","155","335","C:\Users\YadavRos\Downloads\10.0-InfoImage11.10Support-CK@5d21743554e\IEA2008\EntLib50Src\Blocks\ExceptionHandling\ExceptionHandling.sln"
"Data.sln","14","184","324","C:\Users\YadavRos\Downloads\10.0-InfoImage11.10Support-CK@5d21743554e\IEA2008\EntLib50Src\Blocks\Data\Data.sln"
"Security.sln","17","150","320","C:\Users\YadavRos\Downloads\10.0-InfoImage11.10Support-CK@5d21743554e\IEA2008\EntLib50Src\Blocks\Security\Security.sln"
"Caching.2010.sln","20","149","319","C:\Users\YadavRos\Downloads\10.0-InfoImage11.10Support-CK@5d21743554e\IEA2008\EntLib50Src\Blocks\Caching\Caching.2010.sln"
"ExceptionHandling.2010.sln","18","155","305","C:\Users\YadavRos\Downloads\10.0-InfoImage11.10Support-CK@5d21743554e\IEA2008\EntLib50Src\Blocks\ExceptionHandling\ExceptionHandling.2010.sln"
"Data.2010.sln","14","184","294","C:\Users\YadavRos\Downloads\10.0-InfoImage11.10Support-CK@5d21743554e\IEA2008\EntLib50Src\Blocks\Data\Data.2010.sln"
"Security.2010.sln","17","150","290","C:\Users\YadavRos\Downloads\10.0-InfoImage11.10Support-CK@5d21743554e\IEA2008\EntLib50Src\Blocks\Security\Security.2010.sln"
"IIFCALDocument.sln","21","40","250","C:\Users\YadavRos\Downloads\10.0-InfoImage11.10Support-CK@5d21743554e\CALDOTNET2005\CALDOTNETTestHarness\TestProjects\IIFCALDocument\IIFCALDocument.sln"
"Samples.sln","21","40","250","C:\Users\YadavRos\Downloads\10.0-InfoImage11.10Support-CK@5d21743554e\Centera Purge Utility\FPApi.NET\Samples.sln"
"PolicyInjection.sln","14","94","234","C:\Users\YadavRos\Downloads\10.0-InfoImage11.10Support-CK@5d21743554e\IEA2008\EntLib50Src\Blocks\PolicyInjection\PolicyInjection.sln"
"Cryptography.sln","10","127","227","C:\Users\YadavRos\Downloads\10.0-InfoImage11.10Support-CK@5d21743554e\IEA2008\EntLib50Src\Blocks\Security.Cryptography\Cryptography.sln"
"PolicyInjection.2010.sln","14","94","204","C:\Users\YadavRos\Downloads\10.0-InfoImage11.10Support-CK@5d21743554e\IEA2008\EntLib50Src\Blocks\PolicyInjection\PolicyInjection.2010.sln"
"IIFCALFormFieldInfo.sln","17","32","202","C:\Users\YadavRos\Downloads\10.0-InfoImage11.10Support-CK@5d21743554e\CALDOTNET2005\CALDOTNETTestHarness\TestProjects\IIFCALFormFieldInfo\IIFCALFormFieldInfo.sln"
"Cryptography.VSTS.sln","11","121","201","C:\Users\YadavRos\Downloads\10.0-InfoImage11.10Support-CK@5d21743554e\IEA2008\EntLib5src\App Blocks\Src\Security\Cryptography\Cryptography.VSTS.sln"
"Cryptography.2010.sln","10","127","197","C:\Users\YadavRos\Downloads\10.0-InfoImage11.10Support-CK@5d21743554e\IEA2008\EntLib50Src\Blocks\Security.Cryptography\Cryptography.2010.sln"
"Cryptography.NUnit.sln","10","121","191","C:\Users\YadavRos\Downloads\10.0-InfoImage11.10Support-CK@5d21743554e\IEA2008\EntLib5src\App Blocks\Src\Security\Cryptography\Cryptography.NUnit.sln"
"IIFCALPage.sln","16","30","190","C:\Users\YadavRos\Downloads\10.0-InfoImage11.10Support-CK@5d21743554e\CALDOTNET2005\CALDOTNETTestHarness\TestProjects\IIFCALPage\IIFCALPage.sln"
"IIFCALDocFaxInfo.sln","16","30","190","C:\Users\YadavRos\Downloads\10.0-InfoImage11.10Support-CK@5d21743554e\CALDOTNET2005\CALDOTNETTestHarness\TestProjects\IIFCALDocFaxInfo\IIFCALDocFaxInfo.sln"
"Data.VSTS.sln","13","86","186","C:\Users\YadavRos\Downloads\10.0-InfoImage11.10Support-CK@5d21743554e\IEA2008\EntLib5src\App Blocks\Src\Data\Data.VSTS.sln"
"Data.NUnit.sln","13","86","186","C:\Users\YadavRos\Downloads\10.0-InfoImage11.10Support-CK@5d21743554e\IEA2008\EntLib5src\App Blocks\Src\Data\Data.NUnit.sln"
"IIFCALImportClass.sln","15","28","178","C:\Users\YadavRos\Downloads\10.0-InfoImage11.10Support-CK@5d21743554e\CALDOTNET2005\CALDOTNETTestHarness\TestProjects\IIFCALImportClass\IIFCALImportClass.sln"
"IIFCALFolder.sln","14","26","166","C:\Users\YadavRos\Downloads\10.0-InfoImage11.10Support-CK@5d21743554e\CALDOTNET2005\CALDOTNETTestHarness\TestProjects\IIFCALFolder\IIFCALFolder.sln"
"IIFCALWorkitemClass.sln","14","26","166","C:\Users\YadavRos\Downloads\10.0-InfoImage11.10Support-CK@5d21743554e\CALDOTNET2005\CALDOTNETTestHarness\TestProjects\IIFCALWorkitemClass\IIFCALWorkitemClass.sln"
"IIFCALRole.sln","13","24","154","C:\Users\YadavRos\Downloads\10.0-InfoImage11.10Support-CK@5d21743554e\CALDOTNET2005\CALDOTNETTestHarness\TestProjects\IIFCALRole\IIFCALRole.sln"
"IIFCALDocPrintInfo.sln","13","24","154","C:\Users\YadavRos\Downloads\10.0-InfoImage11.10Support-CK@5d21743554e\CALDOTNET2005\CALDOTNETTestHarness\TestProjects\IIFCALDocPrintInfo\IIFCALDocPrintInfo.sln"
"IIFCALImport.sln","13","24","154","C:\Users\YadavRos\Downloads\10.0-InfoImage11.10Support-CK@5d21743554e\CALDOTNET2005\CALDOTNETTestHarness\TestProjects\IIFCALImport\IIFCALImport.sln"
"IIFWorkItemTest.sln","15","51","151","C:\Users\YadavRos\Downloads\10.0-InfoImage11.10Support-CK@5d21743554e\CALDOTNET2005\VSTS Unit Tests\IIFWorkItem Namespace Unit Tests\IIFWorkItemTest.sln"
"IIFCALClientList.sln","12","22","142","C:\Users\YadavRos\Downloads\10.0-InfoImage11.10Support-CK@5d21743554e\CALDOTNET2005\CALDOTNETTestHarness\TestProjects\IIFCALClientList\IIFCALClientList.sln"
"IIFCALWorkitemInfo.sln","10","18","118","C:\Users\YadavRos\Downloads\10.0-InfoImage11.10Support-CK@5d21743554e\CALDOTNET2005\CALDOTNETTestHarness\TestProjects\IIFCALWorkitemInfo\IIFCALWorkitemInfo.sln"
"IIFCALVersion.sln","10","18","118","C:\Users\YadavRos\Downloads\10.0-InfoImage11.10Support-CK@5d21743554e\CALDOTNET2005\CALDOTNETTestHarness\TestProjects\IIFCALVersion\IIFCALVersion.sln"
"IIFCALClientListItem.sln","9","16","106","C:\Users\YadavRos\Downloads\10.0-InfoImage11.10Support-CK@5d21743554e\CALDOTNET2005\CALDOTNETTestHarness\TestProjects\IIFCALClientListItem\IIFCALClientListItem.sln"
"IIFCALFolderChildren.sln","9","16","106","C:\Users\YadavRos\Downloads\10.0-InfoImage11.10Support-CK@5d21743554e\CALDOTNET2005\CALDOTNETTestHarness\TestProjects\IIFCALFolderChildren\IIFCALFolderChildren.sln"
"IIFCALRect.sln","9","16","106","C:\Users\YadavRos\Downloads\10.0-InfoImage11.10Support-CK@5d21743554e\CALDOTNET2005\CALDOTNETTestHarness\TestProjects\IIFCALRect\IIFCALRect.sln"
"IIFCALDocumentImport.sln","9","16","106","C:\Users\YadavRos\Downloads\10.0-InfoImage11.10Support-CK@5d21743554e\CALDOTNET2005\CALDOTNETTestHarness\TestProjects\IIFCALDocumentImport\IIFCALDocumentImport.sln"
"IIFCALQueue.sln","8","14","94","C:\Users\YadavRos\Downloads\10.0-InfoImage11.10Support-CK@5d21743554e\CALDOTNET2005\CALDOTNETTestHarness\TestProjects\IIFCALQueue\IIFCALQueue.sln"
"IIFCALFormField.sln","8","14","94","C:\Users\YadavRos\Downloads\10.0-InfoImage11.10Support-CK@5d21743554e\CALDOTNET2005\CALDOTNETTestHarness\TestProjects\IIFCALFormField\IIFCALFormField.sln"
"CALDOTNETWrapper.sln","2","67","87","C:\Users\YadavRos\Downloads\10.0-InfoImage11.10Support-CK@5d21743554e\CALDOTNET2005\CALDOTNETWrapper\CALDOTNETWrapper.sln"
"IIFCALMaster.sln","7","12","82","C:\Users\YadavRos\Downloads\10.0-InfoImage11.10Support-CK@5d21743554e\CALDOTNET2005\CALDOTNETTestHarness\TestProjects\IIFCALMaster\IIFCALMaster.sln"
"IIFCALPageViewer.sln","7","12","82","C:\Users\YadavRos\Downloads\10.0-InfoImage11.10Support-CK@5d21743554e\CALDOTNET2005\CALDOTNETTestHarness\TestProjects\IIFCALPageViewer\IIFCALPageViewer.sln"
"IIFCALWorkflowVariable.sln","7","12","82","C:\Users\YadavRos\Downloads\10.0-InfoImage11.10Support-CK@5d21743554e\CALDOTNET2005\CALDOTNETTestHarness\TestProjects\IIFCALWorkflowVariable\IIFCALWorkflowVariable.sln"
"IIFCALQueryForm.sln","6","10","70","C:\Users\YadavRos\Downloads\10.0-InfoImage11.10Support-CK@5d21743554e\CALDOTNET2005\CALDOTNETTestHarness\TestProjects\IIFCALQueryForm\IIFCALQueryForm.sln"
"IIFCALWorkitemHistoryInfo.sln","6","10","70","C:\Users\YadavRos\Downloads\10.0-InfoImage11.10Support-CK@5d21743554e\CALDOTNET2005\CALDOTNETTestHarness\TestProjects\IIFCALWorkitemHistoryInfo\IIFCALWorkitemHistoryInfo.sln"
"IIFCALQueueContents.sln","6","10","70","C:\Users\YadavRos\Downloads\10.0-InfoImage11.10Support-CK@5d21743554e\CALDOTNET2005\CALDOTNETTestHarness\TestProjects\IIFCALQueueContents\IIFCALQueueContents.sln"
"IIFCALPages.sln","6","10","70","C:\Users\YadavRos\Downloads\10.0-InfoImage11.10Support-CK@5d21743554e\CALDOTNET2005\CALDOTNETTestHarness\TestProjects\IIFCALPages\IIFCALPages.sln"
"IIFCALOutQueues.sln","6","10","70","C:\Users\YadavRos\Downloads\10.0-InfoImage11.10Support-CK@5d21743554e\CALDOTNET2005\CALDOTNETTestHarness\TestProjects\IIFCALOutQueues\IIFCALOutQueues.sln"
"IIFCALPageMarkups.sln","6","10","70","C:\Users\YadavRos\Downloads\10.0-InfoImage11.10Support-CK@5d21743554e\CALDOTNET2005\CALDOTNETTestHarness\TestProjects\IIFCALPageMarkups\IIFCALPageMarkups.sln"
"IIFCALIndexFields.sln","6","10","70","C:\Users\YadavRos\Downloads\10.0-InfoImage11.10Support-CK@5d21743554e\CALDOTNET2005\CALDOTNETTestHarness\TestProjects\IIFCALIndexFields\IIFCALIndexFields.sln"
"IIFCALNote.sln","6","10","70","C:\Users\YadavRos\Downloads\10.0-InfoImage11.10Support-CK@5d21743554e\CALDOTNET2005\CALDOTNETTestHarness\TestProjects\IIFCALNote\IIFCALNote.sln"
"IIFCALWorkflowVariableValue.sln","6","10","70","C:\Users\YadavRos\Downloads\10.0-InfoImage11.10Support-CK@5d21743554e\CALDOTNET2005\CALDOTNETTestHarness\TestProjects\IIFCALWorkflowVariableValue\IIFCALWorkflowVariableValue.sln"
"CommonClasses.sln","1","57","67","C:\Users\YadavRos\Downloads\10.0-InfoImage11.10Support-CK@5d21743554e\IEA2008\Common\CommonClasses\CommonClasses.sln"
"Common.sln","1","57","67","C:\Users\YadavRos\Downloads\10.0-InfoImage11.10Support-CK@5d21743554e\CALDOTNET2005\CALDOTNETTestHarness\TestProjects\Common\Common.sln"
"IIFWorkItemInformationTest.sln","9","21","61","C:\Users\YadavRos\Downloads\10.0-InfoImage11.10Support-CK@5d21743554e\CALDOTNET2005\VSTS Unit Tests\IIFWorkItemInformation Namespace Unit tests\IIFWorkItemInformationTest.sln"
"PurgeUtility.sln","3","29","59","C:\Users\YadavRos\Downloads\10.0-InfoImage11.10Support-CK@5d21743554e\Centera Purge Utility\PurgeUtility\PurgeUtility\PurgeUtility.sln"
"IIFCALQueueContentItems.sln","5","8","58","C:\Users\YadavRos\Downloads\10.0-InfoImage11.10Support-CK@5d21743554e\CALDOTNET2005\CALDOTNETTestHarness\TestProjects\IIFCALQueueContentItems\IIFCALQueueContentItems.sln"
"IIFCALDocumentImports.sln","5","8","58","C:\Users\YadavRos\Downloads\10.0-InfoImage11.10Support-CK@5d21743554e\CALDOTNET2005\CALDOTNETTestHarness\TestProjects\IIFCALDocumentImports\IIFCALDocumentImports.sln"
"IIFCALNotes.sln","5","8","58","C:\Users\YadavRos\Downloads\10.0-InfoImage11.10Support-CK@5d21743554e\CALDOTNET2005\CALDOTNETTestHarness\TestProjects\IIFCALNotes\IIFCALNotes.sln"
"IIFCALClientListItems.sln","5","8","58","C:\Users\YadavRos\Downloads\10.0-InfoImage11.10Support-CK@5d21743554e\CALDOTNET2005\CALDOTNETTestHarness\TestProjects\IIFCALClientListItems\IIFCALClientListItems.sln"
"IIFCALFolderChildrenItems.sln","5","8","58","C:\Users\YadavRos\Downloads\10.0-InfoImage11.10Support-CK@5d21743554e\CALDOTNET2005\CALDOTNETTestHarness\TestProjects\IIFCALFolderChildrenItems\IIFCALFolderChildrenItems.sln"
"IIFCALObjID.sln","5","8","58","C:\Users\YadavRos\Downloads\10.0-InfoImage11.10Support-CK@5d21743554e\CALDOTNET2005\CALDOTNETTestHarness\TestProjects\IIFCALObjID\IIFCALObjID.sln"
"IIFCALDocumentViewer.sln","5","8","58","C:\Users\YadavRos\Downloads\10.0-InfoImage11.10Support-CK@5d21743554e\CALDOTNET2005\CALDOTNETTestHarness\TestProjects\IIFCALDocumentViewer\IIFCALDocumentViewer.sln"
"CMT.sln","2","31","51","C:\Users\YadavRos\Downloads\10.0-InfoImage11.10Support-CK@5d21743554e\CMT\CMTCSCODE\CMT.sln"
"DomainAudit.sln","3","20","50","C:\Users\YadavRos\Downloads\10.0-InfoImage11.10Support-CK@5d21743554e\DomainAudit\DomainAudit.sln"
"Wrapper.sln","1","40","50","C:\Users\YadavRos\Downloads\10.0-InfoImage11.10Support-CK@5d21743554e\Centera Purge Utility\FPApi.NET\Wrapper.sln"
"IIFCALRoles.sln","4","6","46","C:\Users\YadavRos\Downloads\10.0-InfoImage11.10Support-CK@5d21743554e\CALDOTNET2005\CALDOTNETTestHarness\TestProjects\IIFCALRoles\IIFCALRoles.sln"
"IIFCALQueryForms.sln","4","6","46","C:\Users\YadavRos\Downloads\10.0-InfoImage11.10Support-CK@5d21743554e\CALDOTNET2005\CALDOTNETTestHarness\TestProjects\IIFCALQueryForms\IIFCALQueryForms.sln"
"IIFCALWorkitemClasses.sln","4","6","46","C:\Users\YadavRos\Downloads\10.0-InfoImage11.10Support-CK@5d21743554e\CALDOTNET2005\CALDOTNETTestHarness\TestProjects\IIFCALWorkitemClasses\IIFCALWorkitemClasses.sln"
"IIFCALQueues.sln","4","6","46","C:\Users\YadavRos\Downloads\10.0-InfoImage11.10Support-CK@5d21743554e\CALDOTNET2005\CALDOTNETTestHarness\TestProjects\IIFCALQueues\IIFCALQueues.sln"
"IIFCALQueryResults.sln","4","6","46","C:\Users\YadavRos\Downloads\10.0-InfoImage11.10Support-CK@5d21743554e\CALDOTNET2005\CALDOTNETTestHarness\TestProjects\IIFCALQueryResults\IIFCALQueryResults.sln"
"IIFCALFormFields.sln","4","6","46","C:\Users\YadavRos\Downloads\10.0-InfoImage11.10Support-CK@5d21743554e\CALDOTNET2005\CALDOTNETTestHarness\TestProjects\IIFCALFormFields\IIFCALFormFields.sln"
"IIFCALFolderChild.sln","4","6","46","C:\Users\YadavRos\Downloads\10.0-InfoImage11.10Support-CK@5d21743554e\CALDOTNET2005\CALDOTNETTestHarness\TestProjects\IIFCALFolderChild\IIFCALFolderChild.sln"
"IIFCALImportClasses.sln","4","6","46","C:\Users\YadavRos\Downloads\10.0-InfoImage11.10Support-CK@5d21743554e\CALDOTNET2005\CALDOTNETTestHarness\TestProjects\IIFCALImportClasses\IIFCALImportClasses.sln"
"IIFCALEnumItem.sln","4","6","46","C:\Users\YadavRos\Downloads\10.0-InfoImage11.10Support-CK@5d21743554e\CALDOTNET2005\CALDOTNETTestHarness\TestProjects\IIFCALEnumItem\IIFCALEnumItem.sln"
"FullTextSearch.sln","2","25","45","C:\Users\YadavRos\Downloads\10.0-InfoImage11.10Support-CK@5d21743554e\FullTextSearch\FullTextSearch\FullTextSearch.sln"
"IEAScriptingService.sln","3","12","42","C:\Users\YadavRos\Downloads\10.0-InfoImage11.10Support-CK@5d21743554e\IEA2008\CustomInterface\IEAScriptingService\IEAScriptingService.sln"
"IIFPageTest.sln","7","20","40","C:\Users\YadavRos\Downloads\10.0-InfoImage11.10Support-CK@5d21743554e\CALDOTNET2005\VSTS Unit Tests\IIFPage Namespace Unit Tests\IIFPageTest.sln"
"Cal.NetTest.sln","1","79","39","C:\Users\YadavRos\Downloads\10.0-InfoImage11.10Support-CK@5d21743554e\CALDOTNET2005\CALDOTNETTest\Cal.NetTest.sln"
"IIFClientTest.sln","7","18","38","C:\Users\YadavRos\Downloads\10.0-InfoImage11.10Support-CK@5d21743554e\CALDOTNET2005\VSTS Unit Tests\IIFClient Namespace Unit tests\IIFClientTest.sln"
"IIFQueueTest.sln","7","18","38","C:\Users\YadavRos\Downloads\10.0-InfoImage11.10Support-CK@5d21743554e\CALDOTNET2005\VSTS Unit Tests\IIFQueue Namespace Unit Tests\IIFQueueTest.sln"
"IIFFormTest.sln","7","17","37","C:\Users\YadavRos\Downloads\10.0-InfoImage11.10Support-CK@5d21743554e\CALDOTNET2005\VSTS Unit Tests\IIFForm Namespace Unit Tests\IIFFormTest.sln"
"IIFCALFormFieldValueList.sln","3","4","34","C:\Users\YadavRos\Downloads\10.0-InfoImage11.10Support-CK@5d21743554e\CALDOTNET2005\CALDOTNETTestHarness\TestProjects\IIFCALFormFieldValueList\IIFCALFormFieldValueList.sln"
"IIFCALEnumExtraInfoItem.sln","3","4","34","C:\Users\YadavRos\Downloads\10.0-InfoImage11.10Support-CK@5d21743554e\CALDOTNET2005\CALDOTNETTestHarness\TestProjects\IIFCALEnumExtraInfoItem\IIFCALEnumExtraInfoItem.sln"
"IIFCALEnumExtraInfo.sln","3","4","34","C:\Users\YadavRos\Downloads\10.0-InfoImage11.10Support-CK@5d21743554e\CALDOTNET2005\CALDOTNETTestHarness\TestProjects\IIFCALEnumExtraInfo\IIFCALEnumExtraInfo.sln"
"IIFCALWorkitemWorkstepList.sln","3","4","34","C:\Users\YadavRos\Downloads\10.0-InfoImage11.10Support-CK@5d21743554e\CALDOTNET2005\CALDOTNETTestHarness\TestProjects\IIFCALWorkitemWorkstepList\IIFCALWorkitemWorkstepList.sln"
"IIFCALWorkitemHistory.sln","3","4","34","C:\Users\YadavRos\Downloads\10.0-InfoImage11.10Support-CK@5d21743554e\CALDOTNET2005\CALDOTNETTestHarness\TestProjects\IIFCALWorkitemHistory\IIFCALWorkitemHistory.sln"
"IIFCALWorkflowVariables.sln","3","4","34","C:\Users\YadavRos\Downloads\10.0-InfoImage11.10Support-CK@5d21743554e\CALDOTNET2005\CALDOTNETTestHarness\TestProjects\IIFCALWorkflowVariables\IIFCALWorkflowVariables.sln"
"DomainUpdateService.sln","2","11","31","C:\Users\YadavRos\Downloads\10.0-InfoImage11.10Support-CK@5d21743554e\DomainUpdateService\DomainUpdateService.sln"
"IIFMasterTest.sln","6","18","28","C:\Users\YadavRos\Downloads\10.0-InfoImage11.10Support-CK@5d21743554e\CALDOTNET2005\VSTS Unit Tests\IIFCAL Namespace Unit Tests\IIFMasterTest.sln"
"Logging.sln","2","5","25","C:\Users\YadavRos\Downloads\10.0-InfoImage11.10Support-CK@5d21743554e\IEA2008\Common\Logging\Logging.sln"
"Configuration.Console.sln","1","15","25","C:\Users\YadavRos\Downloads\10.0-InfoImage11.10Support-CK@5d21743554e\IEA2008\EntLib5src\App Blocks\Src\Configuration\Console\Configuration.Console.sln"
"Log.sln","2","4","24","C:\Users\YadavRos\Downloads\10.0-InfoImage11.10Support-CK@5d21743554e\IEA2008\CustomInterface\Log\Log.sln"
"FPSDK.sln","1","13","23","C:\Users\YadavRos\Downloads\10.0-InfoImage11.10Support-CK@5d21743554e\Centera Purge Utility\FPApi.NET\FPSDK\FPSDK.sln"
"IEAScriptingApp.sln","1","12","22","C:\Users\YadavRos\Downloads\10.0-InfoImage11.10Support-CK@5d21743554e\IEA2008\CustomInterface\IEAScriptingApp\IEAScriptingApp.sln"
"ExceptionHandler.sln","1","7","17","C:\Users\YadavRos\Downloads\10.0-InfoImage11.10Support-CK@5d21743554e\IEA2008\Common\ExceptionHandler\ExceptionHandler.sln"
"EncryptionUtilityIIF.sln","1","6","16","C:\Users\YadavRos\Downloads\10.0-InfoImage11.10Support-CK@5d21743554e\IEA2008\EncryptionIIF\EncryptionUtilityIIF.sln"
"PrefetchRobotService.sln","1","6","16","C:\Users\YadavRos\Downloads\10.0-InfoImage11.10Support-CK@5d21743554e\CALDOTNET2005\PrefetchRobotService\PrefetchRobotService.sln"
"CAC1033.sln","1","6","16","C:\Users\YadavRos\Downloads\10.0-InfoImage11.10Support-CK@5d21743554e\IEA2008\Common\CAC1033\CAC1033.sln"
"IEAScriptLibrary.sln","1","6","16","C:\Users\YadavRos\Downloads\10.0-InfoImage11.10Support-CK@5d21743554e\IEA2008\CustomInterface\IEAScriptLibrary\IEAScriptLibrary.sln"
"IEAClientLogger.sln","1","5","15","C:\Users\YadavRos\Downloads\10.0-InfoImage11.10Support-CK@5d21743554e\IEA2008\Common\ClientLogger\IEAClientLogger.sln"
"ExceptionLibrary.sln","1","5","15","C:\Users\YadavRos\Downloads\10.0-InfoImage11.10Support-CK@5d21743554e\IEA2008\CustomInterface\ExceptionLibrary\ExceptionLibrary.sln"
"PurgeUtilitylog.sln","1","4","14","C:\Users\YadavRos\Downloads\10.0-InfoImage11.10Support-CK@5d21743554e\Centera Purge Utility\PurgeUtility\PurgeUtilitylog\PurgeUtilitylog.sln"
"ConfigManager.sln","1","3","13","C:\Users\YadavRos\Downloads\10.0-InfoImage11.10Support-CK@5d21743554e\IEA2008\Common\ConfigManager\ConfigManager.sln"
"CMTlog.sln","1","3","13","C:\Users\YadavRos\Downloads\10.0-InfoImage11.10Support-CK@5d21743554e\CMT\CMTCSCODE\CMTlog\CMTlog.sln"
"IIFUserTest.sln","5","13","13","C:\Users\YadavRos\Downloads\10.0-InfoImage11.10Support-CK@5d21743554e\CALDOTNET2005\VSTS Unit Tests\IIFUser Namespace Unit Tests\IIFUserTest.sln"
"RunConsolidatedStoredProcedures.sln","1","2","12","C:\Users\YadavRos\Downloads\10.0-InfoImage11.10Support-CK@5d21743554e\Centera Purge Utility\PurgeUtility\RunConsolidatedStoredProcedures\RunConsolidatedStoredProcedures.sln"
"IIFQueryTest.sln","5","12","12","C:\Users\YadavRos\Downloads\10.0-InfoImage11.10Support-CK@5d21743554e\CALDOTNET2005\VSTS Unit Tests\IIFQuery Namespace Unit Tests\IIFQueryTest.sln"
"CACObfuscator.sln","1","0","10","C:\Users\YadavRos\Downloads\10.0-InfoImage11.10Support-CK@5d21743554e\IEA2008\Common\CACObfuscator.NET\CACObfuscator.sln"
"IIFWorkFlowTest.sln","5","10","10","C:\Users\YadavRos\Downloads\10.0-InfoImage11.10Support-CK@5d21743554e\CALDOTNET2005\VSTS Unit Tests\IIFWorkflow Namespace Unit Tests\IIFWorkFlowTest.sln"
"dv1033.sln","1","0","10","C:\Users\YadavRos\Downloads\10.0-InfoImage11.10Support-CK@5d21743554e\DV1033\dv1033.sln"
"IIFEnumTest.sln","5","9","9","C:\Users\YadavRos\Downloads\10.0-InfoImage11.10Support-CK@5d21743554e\CALDOTNET2005\VSTS Unit Tests\IIFEnum Namespace Unit Tests\IIFEnumTest.sln"
"IIFNotesTest.sln","4","7","-3","C:\Users\YadavRos\Downloads\10.0-InfoImage11.10Support-CK@5d21743554e\CALDOTNET2005\VSTS Unit Tests\IIFNotes Namespace Unit Tests\IIFNotesTest.sln"
"IFFCALRoleTest.sln","1","4","-36","C:\Users\YadavRos\Downloads\10.0-InfoImage11.10Support-CK@5d21743554e\CALDOTNET2005\VSTS Unit Tests\IIFUser Namespace Unit Tests\IFFCALRoleTest\IFFCALRoleTest.sln"
"IIFWorkIemTest.sln","1","2","-38","C:\Users\YadavRos\Downloads\10.0-InfoImage11.10Support-CK@5d21743554e\CALDOTNET2005\VSTS Unit Tests\IIFWorkItem Namespace Unit Tests\IIFWorkIemTest\IIFWorkIemTest.sln"
